;sector;Performance;diff
BKNG;Consumer Cyclical;0,04851886526480497;-0,09438968757249863
ANET;Technology;0,016731464725254802;-0,06444679419180108
BA;Industrials;0,9951134403364135;-0,4760132509493035
W;Consumer Cyclical;0,6983944402294802;0,2984391878259989
ULTA;Consumer Cyclical;-0,2139050151893534;-0,3558653281859255
VMW;Technology;0,08191882877817813;-0,16749174561345767
STI;Unknown;1,1401434557293448;
PANW;Technology;0,45376182082414845;0,11687362691336738
BAP;Financial Services;1,1989809017213262;-0,09010799319223736
AMZN;Consumer Cyclical;0,23730788019509216;0,38898793356943556
IRBT;Technology;-0,26987238504392413;-0,0811253136591287
CXO;Energy;0,966334059528727;-0,45122514527886926
ILMN;Healthcare;-0,005921998001640413;0,03682621053277102
BIDU;Communication Services;0,06404444685094204;0,043437383186105696
RCL;Consumer Cyclical;0,21524316140284158;-0,5158920234132437
DXC;Technology;0,9102941003698126;-0,693762680928246
ALXN;Healthcare;-0,10345669484810448;-0,05597782095095161
WYNN;Consumer Cyclical;-0,04107926979831714;-0,25357259752118083
AVGO;Technology;1,2175068965608353;0,1799143933835292
FFIV;Technology;0,17842704072650062;-0,005815134369003437
TWOU;Consumer Defensive;0,37002893825033095;-0,07058204421954331
ATHM;Communication Services;0,9691786755637967;-0,036007689287288126
WWE;Communication Services;0,7558831742073071;-0,41186726557320236
XEC;Energy;1,0878812081589015;-0,47885347788604565
AAP;Consumer Cyclical;1,1534307315142476;-0,034364954338159795
EOG;Energy;0,08855357694386959;-0,3939757523260082
XLNX;Technology;-0,09153721516409659;-0,14999404556264717
KSS;Consumer Cyclical;1,0100366205188027;-0,47038178853338647
EVR;Financial Services;0,8208015257538139;-0,29352332872459347
WDAY;Technology;0,03962669635418422;-0,1438754790106861
YY;Communication Services;1,270795561586404;0,19473955325041564
FLR;Industrials;0,8815802282100924;-0,5756348744508867
TRIP;Consumer Cyclical;-0,31415161731895996;-0,5398514001770705
PRU;Financial Services;1,0733526083027582;-0,3234651607031426
CLR;Energy;0,9542232453162464;-0,5781634907988727
DLTR;Consumer Defensive;0,8179410573349655;-0,18621541891766444
OXY;Energy;1,0027174627327742;-0,5948565938716117
NOAH;Financial Services;0,8577245837914016;-0,37508981670448166
NTAP;Technology;-0,08166801114637341;-0,27101419204993465
CMA;Financial Services;0,9909363060721891;-0,40100260465248294
PD;Technology;0,5008263600971883;-0,47107440158820313
WB;Communication Services;0,8246991404668699;-0,20004628099231883
DELL;Technology;0,1256067801636032;-0,07755773756674146
PDCE;Energy;1,107656066045625;-0,578468764410721
HAS;Consumer Cyclical;1,1160794406675358;-0,2691182578266468
TWLO;Communication Services;0,5024245808390393;0,48404668810053536
CC;Basic Materials;0,864149280136036;-0,2945618412522745
FL;Consumer Cyclical;0,8699060692197098;-0,2750192829136154
LYFT;Technology;0,8914595149861326;-0,4515528127645928
WEX;Technology;0,014216869236121712;-0,2174777663246982
DIS;Communication Services;0,12127858744780122;-0,14480250709424167
PFPT;Technology;0,0798174248868901;-0,017110060733754626
HLF;Consumer Defensive;1,3059224172284583;0,0072892866446845105
PSX;Energy;0,4365589247918763;-0,12679273807202301
NSC;Industrials;1,1814399511401859;-0,06660602653742126
NCLH;Consumer Cyclical;0,09339542832485465;-0,6427906834801962
GD;Industrials;0,06804925645128838;-0,07183866496569817
PRI;Financial Services;1,094588499136853;-0,02939983445803992
NTNX;Technology;0,5486999683662868;-0,10244475165314647
HOME;Consumer Cyclical;1,662864489585701;-0,06083650534804006
GRUB;Communication Services;-0,07415196505578849;-0,09573863964487701
CHKP;Technology;0,07273349490361984;-0,041600096690430306
VFC;Consumer Cyclical;-0,019510176037540322;-0,2619782511921887
BLK;Financial Services;0,24531235808809498;0,27278458014911716
FTV;Technology;0,08549710507299167;-0,12960531012046142
PS;Technology;-0,07798308009143805;-0,45474476413988674
UNP;Industrials;0,04348784530980844;0,0582025694288936
ANF;Consumer Cyclical;-0,1589969944448345;-0,2478993069058438
WUBA;Communication Services;-0,11313106583916033;-0,1196234192318199
SLB;Energy;1,2669865656657984;-0,4349544619011655
AOS;Industrials;-0,14159725194488051;0,07640902043032709
ZS;Technology;0,2723717811780098;0,3612820551945613
CSCO;Technology;-0,047708685852603606;-0,15067749312072087
FSLR;Technology;0,8282169648394365;-0,20629867387238135
BDC;Industrials;-0,40488609162068206;-0,4174477488983248
DFS;Financial Services;1,0515514146284228;-0,27254086979293873
NUE;Basic Materials;-0,054798667650535496;-0,13440373460000818
EQT;Energy;1,198019103982724;-0,11191954968916053
DOW;Basic Materials;1,25686150649589;-0,1151191971429063
ZNH;Industrials;-0,12590648022229212;-0,2922684978201073
CAT;Industrials;0,18734821780193336;0,015498173085207567
PINS;Communication Services;1,194791792360724;-0,22187498468491726
AAL;Industrials;-0,08505265504862372;-0,4723821176238541
ETRN;Energy;0,12930349039041208;-0,47331209623341186
UPS;Industrials;1,073915236117997;0,08634365704015866
COP;Energy;1,051282772021993;-0,24213928897856285
COMM;Technology;0,588475962993353;-0,36933247662792296
UNM;Financial Services;0,894435913632963;-0,459924160208337
MPC;Energy;0,5368928177620778;-0,2167087789810864
TECK;Basic Materials;0,7982967097264185;-0,5384073883052437
MO;Consumer Defensive;0,9836389503504899;-0,11309786506659132
AA;Basic Materials;1,195652180351568;-0,48713398624339665
CRZO;Unknown;-0,6288659327569142;
PPG;Basic Materials;0,07686500720521575;-0,06878557170875034
BEN;Financial Services;0,02175293913775949;-0,2994457675145388
MPLX;Energy;1,1281714112272392;-0,3442412731954283
TIGR;Financial Services;-0,1795839960829044;-0,23440449528544158
COG;Energy;-0,09512168786065037;-0,19151451651278292
SLCA;Energy;-0,43323897767070324;-0,6609440196377581
MAR;Consumer Cyclical;-0,009407830519214646;-0,3171365770180263
GPS;Consumer Cyclical;0,012416104537081302;-0,3541721191364846
CARS;Consumer Cyclical;0,046125460605333325;-0,7121771363800001
HAL;Energy;1,2625948800552222;-0,3974452508139417
ETSY;Consumer Cyclical;0,3306945541276793;0,2893204425618813
DAL;Industrials;-0,049481685344362314;-0,44011288981680585
SSNC;Technology;0,1447530902645898;0,00278201339713223
CTSH;Technology;1,1727328764446097;-0,11712163745785101
CLVS;Healthcare;-0,04226807411078392;-0,5213058377124244
GDDY;Technology;0,1368346305262754;0,1198879184266009
PBF;Energy;1,4659046335500412;-0,4975412146683439
NTRS;Financial Services;1,3035371830871163;0,0012470869937958242
BMA;Financial Services;0,4739489932722199;-0,7066311366036591
PNC;Financial Services;1,1064204107281745;-0,13795492601066345
BWA;Consumer Cyclical;1,2062507832841185;-0,1794053189626807
QRTEA;Consumer Cyclical;1,0835266373842682;-0,2710750217877329
FTI;Energy;-0,1743852474144462;-0,652084962425162
ATR;Consumer Cyclical;0,9729650053275877;-0,09426756738501572
MTDR;Energy;0,2596529234038924;-0,4440402936185369
PAA;Energy;0,04404593565283208;-0,5517889021447782
MYL;Healthcare;-0,000563446904571963;-0,10028167509696853
BHP;Basic Materials;1,2810387943646608;-0,06452028152689449
ANGI;Communication Services;0,3931507896227173;-0,16232882036368956
BKR;Energy;0,09722087510686916;-0,2773913161838724
GLW;Technology;-0,032168246930019996;-0,13445644564789686
DE;Industrials;0,06101833788110234;-0,0053024504669542715
LVS;Consumer Cyclical;1,1411558886130784;-0,14074936602312876
SM;Energy;1,0804864774768714;-0,6299098476416216
IP;Consumer Cyclical;0,060578755968899785;-0,1322101655121366
GM;Consumer Cyclical;0,13830764521395428;-0,23528194277367245
GT;Consumer Cyclical;0,09266086505363515;-0,3966741123510874
ZION;Financial Services;1,1803219731731367;-0,17482194491911685
CNDT;Technology;-0,21255516711882172;-0,7246696012107883
EB;Technology;0,9320330070512154;-0,43823876645496823
MLCO;Consumer Cyclical;0,1324555831964345;-0,1813675231458561
WMB;Energy;1,046934986228394;-0,2474573926767104
AMC;Communication Services;-0,1431842647045813;-0,5017066810604784
CGNX;Technology;0,26307652895818945;0,26627404395412463
NOV;Energy;-0,19720322061804296;-0,4010878379537725
AMRX;Healthcare;0,7385714735303607;-0,31214284896850586
QCOM;Technology;1,2762940913999037;0,2895562016612615
CSX;Industrials;1,0159791940899638;-0,0881581914786257
IBM;Technology;0,15334381886997817;-0,04571125130922598
MRO;Energy;1,1028182271025784;-0,5272469288503241
AXL;Consumer Cyclical;0,348936324423932;-0,38085105571341005
BJ;Consumer Defensive;-0,0027875698297712276;0,3831142452429465
UAA;Consumer Cyclical;0,9812980517906346;-0,6398973403013457
DNKN;Consumer Cyclical;0,9505009716590964;-0,16693040385896454
SQM;Basic Materials;1,0666126936086993;-0,11820453644205338
MUR;Energy;0,498016128502967;-0,3615787999022515
KHC;Consumer Defensive;0,13244885356547978;0,14804650495191618
PAM;Utilities;-0,8517368408037226;-0,6778102005993476
APA;Energy;1,3341197636099702;-0,4989879465852098
ADP;Industrials;-0,11185768177148092;-0,08398943119385878
ZEN;Technology;-0,05963533406744872;-0,0608893560286225
AM;Energy;1,1475878211689752;-0,41050828159887204
CDEV;Energy;-0,12877703924047454;-0,8244604227206119
ENLC;Energy;1,2166897895145379;-0,6364113581673482
UA;Consumer Cyclical;0,9749999642372131;-0,6312499841054281
PSA;Real Estate;-0,10320640158166668;-0,1497174709318941
MCHP;Technology;1,0565431049564502;0,2497831380352502
PCG;Utilities;0,0548590704495284;-0,4237199537771882
WBA;Healthcare;-0,28078525008643723;-0,1720183805914239
CHL;Communication Services;0,07585376911046335;-0,1692869796683059
VRSN;Technology;0,13086970284446423;0,014908014536047733
NRG;Utilities;0,0043436862780981906;-0,01229224361199849
DO;Energy;-0,6824778451565642;
LUV;Industrials;1,003253875443062;-0,2899620493061464
TELL;Energy;-0,24185457715568787;-0,8383458698283559
IVZ;Financial Services;1,076426468322914;-0,40657962445062695
CNP;Utilities;0,041355761548153555;-0,3486962594077392
PSTG;Technology;0,3959107578248567;0,08116489608612991
MIK;Consumer Cyclical;0,12059181947064457;-0,2627986294430618
RES;Energy;0,7258520924278394;-0,5312500042332845
QLYS;Technology;0,22968827415881155;0,1792937313335503
STAY;Consumer Cyclical;1,0168570147128322;-0,28137850323026375
HOG;Consumer Cyclical;1,049032120405314;-0,26288817356252764
QSR;Consumer Cyclical;0,025492460426987593;-0,1478841721137711
EXC;Utilities;0,021263606709221738;-0,20231504585915863
EMR;Industrials;1,1871834924980171;0,010002520547014112
AFL;Financial Services;-0,21553064175650224;-0,31417321462794223
AXP;Financial Services;-0,09465493626836972;-0,14420867166189602
PE;Energy;1,2359629938363377;-0,3888895132541324
JNPR;Technology;0,7923694419931232;-0,0766205925965741
EQNR;Energy;1,2142596095033273;-0,1696902789392094
OSTK;Consumer Cyclical;0,6377398765208266;1,2653886083360568
FDS;Financial Services;0,020637475073207217;0,01006505551594278
TWTR;Communication Services;1,2804910353056722;-0,06248296917287583
GCI;Communication Services;0,713900195341228;-0,7666684245930789
HCM;Healthcare;-0,00813287232331312;-0,18670440447120817
SKT;Real Estate;0,8955971731476191;-0,4777475090268306
TSN;Consumer Defensive;0,019611850565886015;-0,15566858208032525
HRB;Consumer Cyclical;0,026516555986659758;-0,4000062708616627
URBN;Consumer Cyclical;0,8059761663304322;-0,26725590573651953
ORLY;Consumer Cyclical;1,0860301431284205;0,10640230822604503
OLN;Basic Materials;0,7185000432049625;-0,3787611298741173
MOMO;Communication Services;-0,1895504512351514;-0,4012827402079277
LEVI;Consumer Cyclical;-0,14223857212635715;-0,33684689448622773
PFE;Healthcare;0,050257174534531636;-0,1898062352357523
GS;Financial Services;0,3027382716627439;0,08335062455241933
PAYX;Industrials;0,11386664430245183;-0,09743003438498031
JWN;Consumer Cyclical;-0,0974405393088242;-0,40564528336982886
DISCA;Communication Services;0,07925802400351648;-0,25244515343349455
AR;Energy;0,7395104470273496;-0,3400349241549624
HGV;Consumer Cyclical;0,035690152571189376;-0,27441081873804934
ED;Utilities;-0,22764944124949812;-0,11413858908585273
LOW;Consumer Cyclical;1,407083085547732;0,3940549806807615
ORCL;Technology;0,9729711697860167;-0,008724487002336816
ADM;Consumer Defensive;1,1928006089126968;0,01839008057118375
SFM;Consumer Defensive;1,047216546153901;0,16003972062842015
SBH;Consumer Cyclical;-0,32673949286383586;-0,08969983588474827
SU;Energy;0,23183170446516782;-0,4073622065895259
EPD;Energy;0,07673623163932475;-0,26910283239619676
JNJ;Healthcare;0,08723176176905795;0,05565734950044901
STLD;Basic Materials;0,17541890925002318;-0,008018017233599203
HBI;Consumer Cyclical;0,9187106852249085;-0,28365614552283724
DAN;Consumer Cyclical;1,1088697767076412;-0,2849984776399531
SYF;Financial Services;1,08516214761711;-0,25929964778264725
NLOK;Technology;0,5587869186757171;0,7879387910558054
QEP;Energy;1,218793964984578;-0,7349408004694127
YPF;Energy;1,0535853618461954;-0,673189313834097
CPE;Energy;0,4954056412681882;-0,7725880602462188
SCCO;Basic Materials;1,3564781925013172;0,0142188870420308
CNX;Energy;0,8283378470451948;0,448228868318628
SCHW;Financial Services;1,2230438529959646;-0,08808308691052459
WAB;Industrials;0,0028947553359300825;-0,11707157791495572
TD;Financial Services;0,05884633337044003;-0,1656831300416627
TGI;Industrials;1,5145526362115358;-0,4764594515904922
TLRD;Consumer Cyclical;0,46746474886303646;-0,7991855010003748
ALLY;Financial Services;1,2291092932036054;-0,3080731778937017
DBX;Technology;0,024118999352429542;-0,047399373359172145
ADI;Technology;0,03468407751347991;0,1376884629999198
RY;Financial Services;0,09744270369755069;-0,09312257180152807
WPX;Energy;0,22404364180616543;-0,3934426115599229
CFG;Financial Services;1,2062715997101392;-0,21643542907315175
BVN;Basic Materials;-0,30854728182444086;-0,4551285484251327
OAS;Energy;-0,08918411171344602;-0,7836812163527821
PYPL;Financial Services;0,270736273388866;0,4125711078560724
PCAR;Industrials;0,08750669174446084;0,09596060026903148
FITB;Financial Services;1,1148097003640054;-0,19706169097147805
NVTA;Healthcare;-0,32437522414270026;-0,17586042919572653
QD;Financial Services;-0,7765955925662354;-0,7699468053907709
DISCK;Communication Services;0,10385327820384174;-0,26605504587155965
ET;Energy;0,08152238059184436;-0,36386823049452305
HUN;Basic Materials;1,049330443279671;0,011330150533313101
LB;Consumer Cyclical;0,22266467577857976;-0,2917341793908655
IGT;Consumer Cyclical;0,8470892794097569;-0,2463295630877794
BB;Technology;0,040137629854729816;-0,4145642359237074
COF;Financial Services;1,006304429351578;-0,2017874772172544
TEVA;Healthcare;1,9581342661698282;0,4401914421415693
MGM;Consumer Cyclical;1,072971321631096;-0,3170081297909046
GES;Consumer Cyclical;1,2467592115043782;-0,30944834682377415
ECL;Basic Materials;1,061141211844633;0,0959573841994645
PGR;Financial Services;0,14243859334709263;0,008841341217788307
HUBS;Technology;0,38559163815943137;0,19377848545826834
BOX;Technology;0,2008757517427654;0,046798003328620816
FOLD;Healthcare;0,9108434380043894;0,05662650076359057
GLUU;Communication Services;-0,0635592284289778;0,27401137781963647
MRVL;Technology;1,154802975584004;0,43924535415205185
MXIM;Technology;0,07106572131267655;0,08093477188696432
WRK;Consumer Cyclical;0,9745924321566238;-0,16415823432725277
RLGY;Real Estate;0,7845358798743693;0,06200586632026785
BBAR;Financial Services;0,3570159980133762;-0,658969819172851
PBI;Industrials;-0,348141293797853;-0,2930985717562802
LOMA;Basic Materials;0,5220071688439293;-0,6117957763475834
CAG;Consumer Defensive;-0,12180565240992194;0,2166998450427866
SWK;Industrials;0,7036438121852547;-0,0453412990468557
EBAY;Consumer Cyclical;0,10265304117222826;0,23998334920797393
IBKR;Financial Services;0,8574683085087782;-0,22694155461803217
PBCT;Financial Services;0,9680046256597302;-0,23572072126474958
SGMO;Healthcare;1,1200807822785561;0,09485373849961141
ON;Technology;1,2817764377114855;0,01020932932014462
KOS;Energy;1,3020293572931516;-0,6489412064464326
PBR;Energy;0,20990772256954743;-0,4460360880654407
HUYA;Communication Services;0,9418737136793223;-0,2726577156702587
BG;Consumer Defensive;0,783665229399017;-0,272546614581922
FCAU;Unknown;0,24296287172319903;-0,24225748576055764
SYY;Consumer Defensive;1,0845448586713773;-0,21952292634206477
PM;Consumer Defensive;1,0363324462450076;0,023707478524395528
MET;Financial Services;0,13405486970510644;-0,19033857665475526
MCD;Consumer Cyclical;0,13665445895122227;-0,043804861599375126
HPE;Technology;0,06297083845994444;-0,2870782014405509
CCO;Communication Services;0,20060477804287957;-0,7409274280769023
BSBR;Financial Services;0,21498040284226086;-0,45176910135413484
SFIX;Consumer Cyclical;0,3891935348510742;-0,18919354100381175
LPL;Technology;0,957241255661537;-0,3172414056186018
NFLX;Communication Services;0,023045505989177335;0,25383623189941507
SWN;Energy;1,1227545912531074;-0,05089815636047605
TXMD;Healthcare;-0,35714275851409805;-0,5193050015340717
CVE;Energy;1,4278844245369922;-0,46697394180124635
FEYE;Technology;0,11126267914918969;-0,12559721821331812
MTG;Financial Services;-0,014087184209616004;-0,35877332755065183
ARI;Real Estate;0,07478301259386855;-0,3872960483043971
TXN;Technology;0,11685114929576987;0,16949253186079002
HSIC;Healthcare;-0,09522477642665386;-0,17032204749901694
CAJ;Technology;-0,19874169399823502;-0,24021823100375814
JBLU;Industrials;1,0919002351703397;-0,380321896272916
FCX;Basic Materials;0,31316612791463;-0,026173809909377066
SHAK;Consumer Cyclical;1,4915485977792775;-0,1841231568006332
KT;Communication Services;-0,06416615854228172;-0,18652161685422997
HDB;Financial Services;-0,03151882635704527;-0,32153237778631877
PWR;Industrials;-0,041022587406272466;0,018051664706759857
HMC;Consumer Cyclical;1,2260578822089376;0,08283353267188293
MDRX;Healthcare;-0,11252432825917023;-0,32632093454108435
SUPV;Financial Services;0,9959234881077232;-0,6726713032958808
FB;Communication Services;1,4309438395280925;0,2496948970859575
CLDR;Technology;2,70000001658564;1,1991305143936821
BAC;Financial Services;1,1596641125366545;-0,1044397432655042
AXTA;Basic Materials;0,11580162273855081;-0,12199843748107056
GRPN;Communication Services;0,20948265249937764;-0,6908045843454248
GPRO;Technology;-0,03619515098358099;-0,22390570890472514
KNX;Industrials;0,030210571929261708;0,3008101019700503
RF;Financial Services;1,209229097256455;-0,1318327631807141
IPG;Communication Services;-0,018965250728609395;-0,17539253873335758
CDNS;Technology;-0,0985403946186146;0,34474788218433283
LPI;Energy;-0,5515811732169644;-0,6637351797875922
TEDU;Consumer Defensive;0,7696629690059428;-0,33707867777167394
NAVI;Financial Services;1,0490477463676617;-0,3663096821965289
LX;Financial Services;-0,0426816904224351;-0,010517080382459347
BSMX;Financial Services;0,15143934302608028;-0,46851541283249615
GIS;Consumer Defensive;-0,34859476359467045;0,2215125377163124
LTHM;Basic Materials;0,044222393578248496;0,10984307500505407
DISH;Communication Services;1,1969309734893163;-0,09744239660560224
CROX;Consumer Cyclical;2,2800217929160738;0,8018558335925745
HIG;Financial Services;-0,015015758963410408;-0,2342636306589611
FHN;Financial Services;1,0933810635368344;-0,2544636598393502
BRFS;Consumer Defensive;-0,05089429923794601;-0,4085281702866172
HBAN;Financial Services;1,0854243940255286;-0,20193460889859327
COTY;Consumer Defensive;0,6458408344248312;-0,6353412942442848
IRM;Real Estate;-0,07010661695946775;-0,062201176888515196
BHC;Healthcare;0,08021403783061028;-0,11764711382204693
ABEV;Consumer Defensive;-0,01569042434232341;-0,42269841868993135
AME;Industrials;0,1518453185384136;0,04724053479676396
EXEL;Healthcare;0,10014443321442326;0,0823302381697094
ISBC;Financial Services;-0,2576895283158006;-0,1879617681557569
CX;Basic Materials;1,2704901980537846;-0,3038968447403352
ABT;Healthcare;0,08850184560289942;0,10731842524415944
SOGO;Communication Services;-0,2341464143647546;0,05609756693252859
NLY;Real Estate;0,06531813081311164;-0,12766810711616144
KEY;Financial Services;1,1666603624655703;-0,17684843637579123
UGP;Energy;1,0977863670390238;-0,3604948558112634
SID;Basic Materials;1,0093579909854513;-0,5023787609701715
COLD;Real Estate;0,055524653645310916;0,10723878611373368
UXIN;Communication Services;0,6971154331102897;-0,34134612739438747
WIT;Technology;0,9401084535117977;-0,2544514564466793
SPOT;Communication Services;0,22712730683971794;0,3600183798821043
FAST;Industrials;0,17722645014887958;0,34541969957095425
FSK;Financial Services;0,619869924490261;-0,8236570368053715
YUMC;Consumer Cyclical;-0,24550880776039552;0,20104483410079352
OPK;Healthcare;0,6323528758657283;0,25490195620110373
NIO;Consumer Cyclical;1,6462451570636594;1,7015810732963743
XRX;Technology;0,10503951582444436;-0,5028779539219425
TV;Communication Services;0,9705242272843311;-0,3722707319013226
KDP;Consumer Defensive;0,11590566480752681;-0,017779336730204046
MAT;Consumer Cyclical;1,1716416806903969;-0,16252072719324723
ESI;Basic Materials;0,3307692942534701;0,04326930571590225
KMI;Energy;-0,04499756901693948;-0,20458853495173107
ONVO;Healthcare;1,434782639681053;0,28913039999445417
INFY;Technology;0,9647906453947979;-0,11004925599668014
AGNC;Real Estate;0,12620393044925493;-0,10516511580380469
JCP;Consumer Cyclical;-0,6369228525337223;
CIG;Utilities;-0,033452877173320926;-0,3877455903525026
NYCB;Financial Services;-0,12310708036163993;0,14450571011263602
VG;Communication Services;0,11072965501546754;-0,2120171153847728
CBL;Real Estate;-0,629495730203946;-0,7471428590032662
MFG;Financial Services;0,07540521438198229;-0,058837262018277194
LKQ;Consumer Cyclical;0,11963523786405059;0,021648298384954533
AES;Utilities;1,1081325596010798;-0,1768731232707866
MUX;Basic Materials;-0,47080764441039125;-0,43167701035543693
ARCC;Financial Services;0,15418666031223852;-0,08325094775117498
WY;Real Estate;0,049952661790153376;-0,1061699268888494
NWSA;Communication Services;0,1304696510136896;-0,029514092811142208
A;Healthcare;0,14736009664115463;0,23341110559656258
IAG;Basic Materials;-0,2804054565635184;0,12499995972659189
ENIA;Utilities;1,3595948462749603;-0,00926699891191788
EQR;Real Estate;0,06401155057435216;-0,17362855837658664
ODP;Consumer Cyclical;0,5808054472698908;0,32237002065781695
AL;Industrials;-0,032428849903298744;-0,19897050087149784
QTWO;Technology;0,33437910890267564;0,04104574365553513
KIM;Real Estate;0,0981491910608422;-0,24528988834415635
GNW;Financial Services;-0,1464176012031151;-0,13551399925548044
H;Consumer Cyclical;1,068338242795173;-0,2727325439437698
NPTN;Technology;1,7400470293212418;1,1709603042556098
GGB;Basic Materials;0,3285013728141892;-0,23788603757792726
FLEX;Technology;0,27741215033379124;0,15679828104385093
LTC;Real Estate;0,08628249660973063;-0,11325222727438834
VEEV;Healthcare;0,03707679490607203;0,36867595650305274
JEF;Financial Services;1,258104551151735;-0,06962658785540575
BRX;Real Estate;0,1377384621880674;-0,23255848780419147
IQ;Communication Services;1,3944803723706094;0,3382034715810207
CHS;Consumer Cyclical;-0,773136457559262;-0,5153475218913316
SIRI;Communication Services;1,2017422103459983;0,06461471804377814
HL;Basic Materials;0,2853465633215089;0,7244354966985381
FWONK;Communication Services;0,06938806747090201;-0,06063055680393546
NMR;Financial Services;0,03728544685425358;0,3505834283532633
BSX;Healthcare;-0,13263327331132785;-0,09916946005818951
CNC;Healthcare;0,014115070629543112;0,1487513838287619
K;Consumer Defensive;0,9784786194564881;0,2524453021105746
JBHT;Industrials;1,406815788196862;0,34628451445693503
SBS;Utilities;0,14190197960088374;-0,08591838098579226
SPWR;Technology;-0,5625616012558811;-0,30640391857744487
FIT;Technology;0,6355749368190784;0,3579175808200171
HIMX;Technology;1,6973294076097554;-0,029673563213186403
INCY;Healthcare;0,2812053827968195;0,14238253647136695
BDX;Healthcare;-0,07874912748098813;0,015459606370633143
NKE;Consumer Cyclical;1,0597414959055842;0,1894684607756696
HPQ;Technology;-0,12163542236165333;-0,14963536183999712
GE;Industrials;0,9983041727494454;-0,3029202207736265
ZNGA;Communication Services;-0,061258259585413775;0,5447019838794303
PH;Industrials;0,3255094513768778;0,13026183561091034
BTG;Basic Materials;0,3815178663693205;0,8341288763564387
CYH;Healthcare;-0,5984556919307827;0,25096529610345786
SKX;Consumer Cyclical;1,172577846912623;0,049715060353572184
SBUX;Consumer Cyclical;0,006349032485735965;-0,05230116557102984
HOLX;Healthcare;0,28033144428152784;0,08985507704227483
HCA;Healthcare;0,08571897680702265;-0,22495759216355943
AUY;Basic Materials;0,6801698400679972;1,237003757422178
BITA;Communication Services;1,3979302486380536;0,49576664603512377
MBT;Communication Services;0,31322434510953057;0,22868695476247056
IMGN;Healthcare;1,8511629392418556;1,1209301118659925
MAS;Industrials;1,2015174737906154;0,29470262043324114
D;Utilities;-0,0283030242106585;0,15148882715475256
HRL;Consumer Defensive;-0,23831938050250387;0,1986975897178978
GFI;Basic Materials;-0,14048942400474954;0,5264754805907464
ATUS;Communication Services;0,02348014106222443;0,03270435081011133
RUN;Technology;1,6146689199897022;0,055829251899675345
AMH;Real Estate;0,08834600842667105;0,10494435593244074
BBY;Consumer Cyclical;1,109993135691441;0,2487177336591067
IBN;Financial Services;0,9279193516696113;-0,24771928960685433
REGI;Energy;0,5134779386163546;0,8165679876048674
INFN;Technology;1,6951219485601734;0,7103659092830382
VICI;Real Estate;0,28302151132103087;0,06514637367287743
MORN;Financial Services;0,09339459207553669;0,05210785989155571
APPS;Technology;0,8713970249591992;1,2660753322317797
ROK;Industrials;1,412742791741997;0,364681808599146
KR;Consumer Defensive;0,9029411639995577;0,40287902948828885
CTXS;Technology;0,33110417775293555;0,506818070205115
O;Real Estate;0,19926242278497078;-0,09583859405736943
SNAP;Communication Services;1,469717470447487;0,46837148041383303
WU;Financial Services;-0,02467073005487605;0,15858995760896066
DLR;Real Estate;-0,24345743414111226;0,23024001281120454
JKHY;Technology;0,23443504081414065;0,30822394886157595
CZR;Consumer Cyclical;0,5577891662787273;0,23819094783823114
FE;Utilities;1,2427422964777783;-0,04289390748300702
SYK;Healthcare;-0,18483755586538234;-0,03137081842862999
CERN;Healthcare;-0,036398025187122936;-0,0045942448603447095
JKS;Technology;-0,10227761356346979;-0,3175762869767025
MTCH;Communication Services;1,1315680846104639;0,31665506927809234
GNTX;Consumer Cyclical;0,2060897692437814;0,16332028203996254
ARMK;Consumer Cyclical;1,008976394671901;-0,2804048647783645
S;Unknown;-0,9280773919236712;
KKR;Financial Services;0,32317075298607556;0,3434612103898495
MPW;Real Estate;0,03699529789445119;0,14191803450154622
EIX;Utilities;0,25986711451218497;0,023928849331739013
INVH;Real Estate;0,2964828264055007;0,05331431453807091
NYT;Communication Services;0,0883138147400251;0,27854786682736105
T;Communication Services;1,0290003106739365;-0,009900072062126801
INTC;Technology;1,3527088828342184;0,3063696461972232
SMAR;Technology;0,8968690678314386;0,02169022706074642
GILD;Healthcare;-0,25546471473344773;0,12202940550101173
BMRN;Healthcare;1,0250263941712177;0,30183600647646447
SBSW;Basic Materials;;
VIPS;Consumer Cyclical;-0,04639806274851281;1,420024506752981
TJX;Consumer Cyclical;0,04120521639849337;0,025548060345445836
KO;Consumer Defensive;-0,008591533271773843;-0,049786147433683606
WDC;Technology;0,5546175547686905;0,19514150429751012
CVS;Healthcare;0,08690416915842206;0,22734957438069
AEP;Utilities;-0,01682712765840894;-0,055214007151174284
CWEN;Utilities;-0,010062445001313796;0,5099249843916381
LSCC;Technology;-0,060585262608740136;0,8842750916166832
PEP;Consumer Defensive;0,0839982108541436;0,02639620119118697
NUVA;Healthcare;0,015595442457958016;0,03534917601612339
ABBV;Healthcare;1,2341417791146463;0,3156150497925755
CY;Unknown;-1,0506742005524534;
KMB;Consumer Defensive;0,9411184053615378;0,07537289014361444
PLAN;Technology;0,11128641556805945;-0,06915945238771595
LLY;Healthcare;-0,1233072578673473;0,4242833732897045
EA;Communication Services;0,020319491159253477;0,3920460970295185
TM;Consumer Cyclical;1,0303053308147756;0,04242619271998367
TW;Financial Services;0,44176787673216394;0,5056726281156902
PAAS;Basic Materials;2,1521815969580262;1,270278100360813
AKAM;Technology;-0,048696289143919304;0,2961401639949321
WING;Consumer Cyclical;0,4920798855212509;0,3893192736008066
ALL;Financial Services;0,15093641862597693;-0,019343479491774358
ICE;Financial Services;-0,04221436633414711;0,132142666804892
BAX;Healthcare;0,04937593557985424;0,06720040055880709
BILI;Communication Services;0,8251978496782796;1,7117414923568917
KEYS;Technology;-0,0579071932060774;0,2130232522653979
PBH;Healthcare;-0,09073376524429068;0,3111325643510771
SO;Utilities;0,1013413652092713;0,056727942173832105
LEN;Consumer Cyclical;1,8699143176096342;0,2162703659865864
SPLK;Technology;0,6493169951114185;0,5305628787773857
PG;Consumer Defensive;-0,16104013888434696;0,10292608766867338
JD;Consumer Cyclical;0,8121018637549701;1,1942674387581473
UCTT;Technology;0,6143066896945717;0,6637167232904914
PLD;Real Estate;0,0037012132057324208;0,23399920507459193
FTNT;Technology;0,6579052643944133;0,8076050866432556
BIP;Utilities;0,32286356519004267;0,16367823259224626
DHI;Consumer Cyclical;1,518939296226101;0,29324376112887346
TER;Technology;1,3431147847226237;0,7220960360681857
ATVI;Communication Services;1,2102270515546392;0,6610605962985037
TSM;Technology;0,2355199074753617;0,5261700043540644
AZO;Consumer Cyclical;0,863756684596331;0,019875670411023536
TTWO;Communication Services;-0,045487191007622316;0,2513060923211743
MU;Technology;1,2350537628666765;0,4861474985087193
ROST;Consumer Cyclical;-0,10365006173147535;-0,05053551811356883
SQ;Technology;0,4486214134436051;0,35087715198164016
TROW;Financial Services;0,22757842438133705;0,20223744586674
BLL;Consumer Cyclical;0,255664593980798;0,055565640866999236
NDAQ;Financial Services;0,16456488931767976;0,2542566540216561
EL;Consumer Defensive;-0,030643354921618612;0,09817132253876176
MMC;Financial Services;0,16892282263323527;0,13867968396090813
STNE;Technology;0,5622705052072845;0,24373953426050216
SNE;Technology;0,22601583531158684;0,3746806516180147
TPX;Consumer Cyclical;0,29291496491160984;0,06758486604579304
BAH;Industrials;0,05699650071918245;0,23760828272012868
ITW;Industrials;0,17219278080597103;0,18726828017768513
CBOE;Financial Services;0,9958093482261644;-0,03788432014138819
RTN;Unknown;0,25571920588539115;
MDT;Healthcare;0,07656382220381719;-0,003813835612361452
BX;Financial Services;0,30734918972715664;0,3646874883227931
SWKS;Technology;1,917401910381744;0,7584642816243047
PDD;Consumer Cyclical;1,8769745487189264;2,9636192183321683
NEM;Basic Materials;0,22667570801669354;0,5660361542954383
AMAT;Technology;0,03546613418039071;0,4396460635776312
SRE;Utilities;0,0759135557399079;-0,06687655246386454
REAL;Consumer Cyclical;;
ADSK;Technology;0,4323038472696003;0,4641136641283103
SPCE;Industrials;0,14478755753229214;0,44594594967784495
VRSK;Industrials;0,19328249848168363;0,16381637073007072
ZBH;Healthcare;0,09833029264263528;0,09218152842087143
HD;Consumer Cyclical;0,31650661812170827;0,24028811754556367
TAL;Consumer Defensive;0,28257385913703364;0,7201073719690926
EFX;Industrials;0,3149014034798717;0,29717409268002026
APD;Basic Materials;0,019293559088737748;0,10914272340640782
TMUS;Communication Services;0,2094452380363033;0,34262158523722186
XGN;Healthcare;;
V;Financial Services;0,08000364989589089;0,15028600526150995
AMD;Technology;0,08243028155471772;0,7914613422096555
NBIX;Healthcare;1,4228076722740994;0,3907415306917208
SNPS;Technology;0,21571600709522776;0,5014301629135777
INTU;Technology;0,2640629634438471;0,11824543807467038
TMO;Healthcare;0,1424647568269199;0,21335432648978442
BEP;Utilities;0,5223104464872572;0,5424890708881097
AMGN;Healthcare;0,3137450419409821;0,27895382104766436
GDS;Technology;1,090371594681977;0,9946508322365541
CCI;Real Estate;0,1404425126962038;0,28589808345161666
NTCO;Consumer Defensive;;
BABA;Consumer Cyclical;1,0940730052550678;0,3545405708544489
CME;Financial Services;-0,2285379375951934;-0,06351842562791489
DVA;Healthcare;0,15098500710519935;0,572376285590898
FREQ;Healthcare;;
ZG;Communication Services;1,6393441789137209;0,32415304548753415
CI;Healthcare;0,28149165707943496;0,20013289244639448
FISV;Technology;0,0846239440545309;0,15768802797273454
OKTA;Technology;0,24104709220668555;0,5095161483225941
DG;Consumer Defensive;0,050265852349617314;0,3968051677173531
AVLR;Technology;-0,08012943002590513;0,6866637521470765
TIF;Consumer Cyclical;0,18069984044727305;0,3494465739893038
PTON;Consumer Cyclical;;
WORK;Technology;;
CTVA;Basic Materials;0,9717291014890816;0,022025183000911316
NVCR;;0,27157206546913665;0,0521738958476637
FIS;Technology;-0,11137360146453648;0,14161282966955072
DOCU;Technology;2,3392822223766827;2,0220521731691536
CHWY;Consumer Cyclical;1,1338331274186466;0,3257494103352155
FVRR;Communication Services;1,8378812424107882;1,0
GO;Consumer Defensive;;
ZTS;Healthcare;0,10458243357148456;0,21391823572544436
MSFT;Technology;0,18225824589505213;0,4547957457293411
EDU;Consumer Defensive;-0,5215638901633701;0,43012343976001766
UBER;Technology;0,09621530025824439;-0,24099406173582116
AMT;Real Estate;0,22964564770163365;0,24717018378250238
NTES;Communication Services;1,3924165614111692;0,583869300852347
LDOS;Technology;0,04340681421943796;0,29338110575928605
ZM;Communication Services;0,22380580909025058;1,376154114383032
COST;Consumer Defensive;0,05355702033651008;0,15037121940553808
LULU;Consumer Cyclical;1,6953677649781291;0,615114632840407
LMT;Industrials;0,1841585592634871;0,10656528978476043
NOC;Industrials;0,06301796910748074;0,0448348647679351
GOOGL;Communication Services;1,2353785445442222;0,31423044035393366
MA;Financial Services;0,14870288170141238;0,1799225089691986
DDOG;Technology;;
ANSS;Technology;0,2730693671400401;0,4148299346772062
CTAS;Industrials;0,42993159682434795;0,19225604128861562
ROKU;Communication Services;-0,1490564005131771;0,12386244257855558
IGMS;Healthcare;;
VRTX;Healthcare;0,23558501513873545;0,5740698690285861
GOOG;Communication Services;1,2357420467085978;0,3148967263674867
BIO;Healthcare;0,13524946762366097;0,4833176495434383
TFX;Healthcare;0,2148021108228177;0,11376486430200355
RMD;Healthcare;0,10126238368500841;0,4564371968304467
ADBE;Technology;0,25872551016166556;0,49393016857439204
CRWD;Technology;0,5630065319584865;0,29006539139093135
SHW;Basic Materials;0,05425656769263256;0,2630001026339149
AAPL;Technology;1,8211380994152457;0,7928246560092199
DPZ;Consumer Cyclical;1,1825294900235275;0,36070321826762636
BIIB;Healthcare;-0,0924424232982416;0,20793098189108272
LRCX;Technology;0,08913823097864974;0,7727701886057246
BYND;Consumer Defensive;1,319088773028633;-0,07975750839035807
NVDA;Technology;0,6075824638533639;1,4232661219737097
CMG;Consumer Cyclical;0,24469662600239045;0,39763021546109023
REGN;Healthcare;0,20379597143690883;0,9668654925548775
RNG;Technology;1,8763783692878098;1,3124046082940957
MELI;Consumer Cyclical;0,3409073935699769;0,502577246838619
CHTR;Communication Services;0,372333765834937;0,35176233399826307
EQIX;Real Estate;0,03006430287030653;0,4108352982700538
SHOP;Technology;0,8065481830348504;1,6878143259974843
TSLA;Consumer Cyclical;4,09504295769288;3,4130548802425436
ALGN;Healthcare;0,13286909215096637;-0,09601463951570836
NBR;Energy;0,2521858291606626;-0,5446639509119421
SPG;Real Estate;0,9429377033785281;-0,5496605500682179
FDX;Industrials;-0,007229875429154443;-0,17039730372549866
PXD;Energy;0,8858203195726024;-0,3616005768246617
JMIA;Consumer Cyclical;0,43622999582494315;-0,7561608270158421
MMM;Industrials;1,0543516000684465;-0,038818032403096746
STZ;Consumer Defensive;0,17268172668688078;-0,0019124146311948309
DD;Basic Materials;0,9584415179597062;-0,27462539930661783
EXPE;Consumer Cyclical;0,02424923344458306;-0,32980428575345266
XOM;Energy;0,9773456911540221;-0,3478454622811153
IT;Technology;-0,14445220533202965;-0,24010533091943995
UAL;Industrials;-0,07036630171566224;-0,5509153396481558
RL;Consumer Cyclical;1,0657483755676171;-0,32352634975582345
WLL;Energy;0,5602796002843805;-0,9050669779855088
TRXC;Healthcare;-1,0047585811380335;-0,9600357662101653
CVX;Energy;0,9539899621671917;-0,22011759012713528
OVV;Energy;1,0930502728459985;-0,5731006979846066
VLO;Energy;0,1765571653473041;-0,16048532131813642
TRV;Financial Services;0,021103474034604573;-0,2175282090070107
CCL;Consumer Cyclical;-0,1292919047149362;-0,6231182975163008
ASNA;Consumer Cyclical;-0,17171044314171693;-0,8763157882353606
DVN;Energy;0,06681028656627543;-0,5178817285918716
ZBRA;Technology;1,0121401168320754;0,29240379802537764
HFC;Energy;0,32278618369773693;-0,2251358448913741
CRC;Energy;0,5548421714974768;-0,911717499785436
YUM;Consumer Cyclical;0,12463531018794373;-0,14551971699942015
LNG;Energy;0,06791143009839058;-0,27480805312934975
TCOM;Consumer Cyclical;-0,16282312174925326;-0,27896639197809164
NBL;Energy;-0,0718674711412577;-0,4925606471374329
OMC;Communication Services;-0,03922592074345074;-0,2827567760130857
NKTR;Healthcare;-0,21524037257999368;-0,3827125329894863
AEO;Consumer Cyclical;-0,3502891172352532;-0,2918365497717439
M;Consumer Cyclical;0,08122112677540864;-0,6435435882841855
AMTD;Financial Services;1,369321596046828;-0,1883349464078722
HON;Industrials;0,9787347934380197;-0,13697682730091895
BK;Financial Services;1,2089300865287216;-0,07841600711446677
HTHT;Consumer Cyclical;0,14287326857767724;0,0558650594310775
ANTM;Healthcare;-0,0006252835192225899;-0,06688003358861812
TRGP;Energy;1,353483881296559;-0,3888966484894364
MOS;Basic Materials;0,980417926730826;-0,44030793443709293
MDRIQ;Energy;-0,06393189269117389;-0,9826343393368151
TPR;Consumer Cyclical;-0,13347209762221798;-0,5101533106777784
GGAL;Financial Services;0,3492111730767549;-0,7005060918750355
FOXA;Communication Services;0,9060939358383959;-0,21332068240193078
PTEN;Energy;-0,016356007270540495;-0,6121037805997925
CF;Basic Materials;0,5322243393665691;-0,33913578354996915
VST;Utilities;0,1239992452577415;-0,1185365660354709
X;Basic Materials;-0,15150014597436534;-0,350737411743
HES;Energy;-0,06896916562792679;-0,12341350740161446
C;Financial Services;1,1614301935464137;-0,1953372230067451
WFC;Financial Services;0,9994958104571394;-0,3728906582541861
PEG;Utilities;1,1098651410794707;-0,13838633068314016
APH;Technology;0,14346947248612058;0,057760125121723065
HEXO;Healthcare;-0,2878919064326963;-0,8516756830412827
RRC;Energy;0,990630517047949;-0,008528818449793944
USB;Financial Services;1,151461403609028;-0,23690675855988405
TTM;Consumer Cyclical;1,1888889359839176;-0,4717948778559184
VTR;Real Estate;0,04891777453011595;-0,38334430861756236
GPOR;Energy;0,3518886850718218;-0,6620278376194166
TME;Communication Services;0,8917492124790207;-0,1755775521049261
ETFC;Financial Services;1,1466071755340521;0,08124753170223546
LYV;Communication Services;-0,23375074671651833;-0,27612725430150137
GME;Consumer Cyclical;0,6954625407797711;-0,17015705085289357
TFC;Financial Services;1,117842252405099;-0,15061062635164374
ELAN;Healthcare;0,013727906641157769;-0,34136665782234077
AIG;Financial Services;0,061228977879446304;-0,37305238059355583
HST;Real Estate;0,9580613425511663;-0,31099784935988833
GEO;Real Estate;1,0128405243382863;-0,4269924152605769
ERJ;Industrials;1,0617921534113304;-0,6488156465052453
CLF;Basic Materials;-0,07419163364345276;-0,33078210486184756
CL;Consumer Defensive;-0,03181639001390627;0,037369462476654874
NBEV;Consumer Defensive;-0,6144958338859702;-0,6386554735493633
MS;Financial Services;1,299747360140801;0,13571821585203267
F;Consumer Cyclical;0,9075292314023119;-0,34143995631771057
LXRX;Healthcare;0,07450324067692561;-0,6970198585309405
HTZ;Industrials;0,2434412205677631;-0,8797924414499656
CMCSA;Communication Services;1,0484827231634724;-0,07410842543134342
VALE;Basic Materials;0,21518753058069726;-0,18099685655158532
LTM;Industrials;-0,09787787819067148;
VZ;Communication Services;-0,046412624116083254;0,030393448981312292
KAR;Consumer Cyclical;-0,011610081614544104;-0,282784077425479
BBD;Financial Services;0,12146411741688481;-0,5187589807258401
FTR;Unknown;0,5639098682791172;
OKE;Energy;0,259182625465463;-0,4088763545566826
WPG;Real Estate;0,9011122058282494;-0,7033046653424297
FVE;Healthcare;-0,0018181367353959517;-0,24000003121115945
DNR;Energy;0,9823136565358048;-0,6744029861036667
ITUB;Financial Services;-0,055594755777612304;-0,4099622054256221
UNIT;Real Estate;1,433546159583553;-0,13229339294344028
CLNY;Real Estate;0,26392918905381596;-0,39532983715957637
NRZ;Real Estate;0,3146746041851686;-0,45635691191095196
MGI;Financial Services;1,288659725081265;-0,17525774399498584
ARR;Real Estate;0,11172852663638871;-0,44488563546989524
EQH;Financial Services;0,28522793286635806;-0,0007902246217505097
TAK;Healthcare;0,21588059844997312;0,1080544752111122
SENS;Healthcare;1,033816379564233;-0,7978260774418123
TRQ;Basic Materials;1,1239668692764764;-0,4297520860639813
SMFG;Financial Services;1,1119183710204936;-0,13867278068847153
SSSS;Financial Services;1,247805768505677;0,3324618748503538
NYMT;Real Estate;0,18909627274874066;-0,5175016587731752
PPL;Utilities;0,007135455304566812;-0,08947239521037513
GNL;Real Estate;0,0975672993238985;-0,04919710266710683
GOL;Industrials;0,23474998393863925;-0,5675816336747989
STT;Financial Services;1,4611787963023264;0,18342524961354031
TWO;Real Estate;0,16665254419294626;-0,5570623434927786
MFA;Real Estate;0,2409055096470692;-0,5620125599013263
IVR;Real Estate;0,21387767714445644;-0,6391833612606781
MRK;Healthcare;-0,17135588623319917;-0,06992420234435864
GPK;Consumer Cyclical;0,941756569616599;0,025735659622967137
CIEN;Technology;1,0065463822848555;0,21060952577284434
MUFG;Financial Services;1,0722644721256551;-0,10096812470504649
JPM;Financial Services;1,1017821821621012;-0,07261642694973859
HWM;Industrials;;
AABA;Unknown;-0,034347152974773976;
ARNC;Industrials;;
VIV;Communication Services;0,9841696316389241;-0,20378526579879008
SLM;Financial Services;1,2705545412203736;-0,163865113135994
WEN;Consumer Cyclical;0,2532406281037241;0,1444477702005671
UMC;Technology;0,11253458041635392;0,2843191605948783
KTOS;Industrials;-0,4196511461212035;-0,2006428237586274
CTL;Communication Services;1,3521190376286414;-0,029024047686376613
VER;Real Estate;0,11447968510837504;-0,21365692868124905
CIM;Real Estate;0,2654942671211652;-0,36394293108278397
NWL;Consumer Defensive;-0,05047978615382149;0,13089803729892657
AG;Basic Materials;-0,4457649456387928;0,2890044823401269
HMY;Basic Materials;1,041025478631399;0,5512820622546352
DRE;Real Estate;0,22178241426402603;0,1759406982052658
PLUG;Industrials;1,4632034457781435;1,290043330255566
KGC;Basic Materials;0,21666646577693266;0,7500000993410773
WELL;Real Estate;0,04552311331880675;-0,2939608932224836
DUK;Utilities;0,11314319239484924;0,03074012509989628
HEI;Industrials;0,24815424627062746;-0,12431547952617356
MDLZ;Consumer Defensive;-0,02855312845533912;-0,013351689213433162
VGR;Consumer Defensive;-0,08927314054841883;0,4161915492995823
AVB;Real Estate;0,05926774264093769;-0,19470946761505123
STX;Technology;1,1870569667887114;0,16503858204285174
ALLT;Technology;0,46647630820032004;0,5035662792744675
TSU;Communication Services;0,39139645719393495;-0,013014943586043362
ZTO;Industrials;0,411332759826711;1,0030597032272188
MNST;Consumer Defensive;0,3105279689715025;0,11944626708346677
TSG;Consumer Cyclical;-0,3113772769687092;
WM;Industrials;0,10995417501554254;-0,05466094962389893
EGO;Basic Materials;1,3772320475866453;0,8549108000529204
RAD;Healthcare;-0,5529751213495225;0,8142235474927396
CAH;Healthcare;-0,1037359201642984;0,25374218708073837
CBRE;Real Estate;0,11805709712547408;-0,04837747018358012
CRM;Unknown;0,2921840830733121;0,2047944557266108
AU;Basic Materials;0,2304319585481044;0,5864438867115238
FLT;Technology;0,14953730656996087;-0,05473634915923965
WMT;Consumer Defensive;0,8536970325404676;0,10556451539189346
GOLD;Basic Materials;0,40911881500709185;0,7110261721387455
XEL;Utilities;0,15670367265944846;0,0913788824020321
CG;Financial Services;0,45491822456022785;0,461531381018982
BAM;Financial Services;0,2605368365645535;0,10075746708748576
PHM;Consumer Cyclical;1,526862663069342;0,12068458470022113
HLT;Consumer Cyclical;0,009007796397252195;-0,1924695624882477
BMY;Healthcare;0,2873282232516413;0,23077980418316477
DHR;Healthcare;0,2014355366157312;0,2565385292507957
UNH;Healthcare;0,06652885332831417;0,20584829968531831
MSI;Technology;-0,006073300022655469;-0,1378976964685647
NET;Technology;;
RACE;Consumer Cyclical;0,8992518565096161;0,08321497608720371
ISRG;Healthcare;-0,1244005391784608;0,11833041577248028
IDXX;Healthcare;0,05431562023198202;0,17236389598090557
TGT;Consumer Defensive;1,612900609392313;0,4018352479660851
VIACA;Communication Services;;
EW;Healthcare;-0,10823520023987195;0,10643918327473559
MCO;Financial Services;0,11495195827276354;0,43130837429232105
SPGI;Financial Services;0,39966792093957104;0,45494858497248686
NEE;Utilities;0,20977979854717138;0,2386091860668119
HUM;Healthcare;1,310934091777553;0,48397341470989924
ASML;Technology;0,24038954021525583;0,8787326131877591
